metric,value
MAE,91.01798197164916
RMSE,158.10054547431992
