{"mapping": {"Batignolles-Monceau": 223.27381927381927, "Bourse": 270.73336351290175, "Buttes-Chaumont": 158.2845220030349, "Buttes-Montmartre": 171.04447465527286, "Entrep\u00f4t": 199.4537146226415, "Gobelins": 169.91, "H\u00f4tel-de-Ville": 268.8404710920771, "Louvre": 332.8818953323904, "Luxembourg": 315.87244616234125, "M\u00e9nilmontant": 150.81691264459513, "Observatoire": 191.21916357861303, "Op\u00e9ra": 258.0371991247265, "Palais-Bourbon": 310.96131896005073, "Panth\u00e9on": 244.96099674972913, "Passy": 292.67817606747496, "Popincourt": 188.1256304447501, "Reuilly": 178.73078829945464, "Temple": 270.38958097395243, "Vaugirard": 223.2064375605034, "\u00c9lys\u00e9e": 366.52537457709036}, "global_mean": 230.3760829614072}